fabricante,modelo,capacidade_nominal_kwh,dod,eficiencia,preco,fonte
SAJ,B3-5.0-LV,5.12,0.9,,5499.9,https://www.diretaenergiasolar.com.br/categoria/5794065/baterias/
Deye,SE-F5,5.12,0.8,,4999.9,https://www.diretaenergiasolar.com.br/categoria/5794065/baterias/
Unipower,48V 100Ah LiFePO4,5.0,,,,https://www.minhacasasolar.com.br/
Huawei,LUNA2000-5-E0,5.0,1.0,,18600.0,https://solar.huawei.com/br/products/LUNA2000-5-10-15-S0/specs/
Felicity Solar,FLA48100-EU,5.12,0.95,,4489.9,https://www.felicitysolar.com/
Deye,SE-G5.1,5.12,0.9,,7948.55,https://deye.com/
WEG,SBW CB050 W00,5.18,0.9,,9798.9,https://registro.inmetro.gov.br/consulta/detalhe.aspx?NumeroRegistro=014278%2F2024&pag=1
Luxpower,LXP PowerGem 5kWh,5.0,,,,https://www.sosolar.com.br/
Deye,SE-G5.1 Pro-B,5.12,0.9,0.94,7699.45,https://deye.com/wp-content/uploads/2026/01/deye-se-g5.1-pro-b-series_brochure-20260115auv1.0.pdf
Felicity Solar,LPBF48100-M,5.0,0.95,,5454.0,https://latam.felicitysolar.com/product/lpbf-bateria-lifepo4-5kwh-48v-100ah-com-bms/?v=1
