cidade,uf,hsp_kwh_m2_dia,tipo_dado,fonte
Fortaleza,CE,6.048,GTI médio anual no ângulo ótimo,Global Solar Atlas
Natal,RN,6.035,GTI médio anual no ângulo ótimo,Global Solar Atlas
João Pessoa,PB,5.897,GTI médio anual no ângulo ótimo,Global Solar Atlas
Recife,PE,5.801,GTI médio anual no ângulo ótimo,Global Solar Atlas
Brasília,DF,5.791,GTI médio anual no ângulo ótimo,Global Solar Atlas
Goiânia,GO,5.872,GTI médio anual no ângulo ótimo,Global Solar Atlas
Salvador,BA,5.607,GTI médio anual no ângulo ótimo,Global Solar Atlas
São Paulo,SP,4.973,GTI médio anual no ângulo ótimo,Global Solar Atlas
Curitiba,PR,4.762,GTI médio anual no ângulo ótimo,Global Solar Atlas
Rio de Janeiro,RJ,5.166,GTI médio anual no ângulo ótimo,Global Solar Atlas
