fabricante,modelo,potencia_wp,tensao_v,corrente_a,eficiencia,preco,fonte
JA Solar,JAM72D30-525/MB,525,41.15,12.76,20.3,,https://www.jasolar.com/uploadfile/2021/1129/20211129023646263.pdf
JA Solar,JAM72D30-530/MB,530,41.31,12.83,20.5,,https://www.jasolar.com/uploadfile/2021/1129/20211129023646263.pdf
JA Solar,JAM72D30-535/MB,535,41.47,12.9,20.6,,https://www.jasolar.com/uploadfile/2021/1129/20211129023646263.pdf
JA Solar,JAM72D30-540/MB,540,41.64,12.97,20.8,,https://www.jasolar.com/uploadfile/2021/1129/20211129023646263.pdf
JA Solar,JAM72D30-545/MB,545,41.8,13.04,21.0,,https://www.jasolar.com/uploadfile/2021/1129/20211129023646263.pdf
JA Solar,JAM72D30-550/MB,550,41.96,13.11,21.2,,https://www.jasolar.com/uploadfile/2021/1129/20211129023646263.pdf
JA Solar,JAM72D40-555/GB,555,42.24,13.14,21.5,,https://www.jasolar.com/uploadfile/2022/1124/20221124101212393.pdf
JA Solar,JAM72D40-560/GB,560,42.4,13.21,21.7,,https://www.jasolar.com/uploadfile/2022/1124/20221124101212393.pdf
JA Solar,JAM72D40-565/GB,565,42.55,13.28,21.9,,https://www.jasolar.com/uploadfile/2022/1124/20221124101212393.pdf
JA Solar,JAM72D40-570/GB,570,42.7,13.35,22.1,,https://www.jasolar.com/uploadfile/2022/1124/20221124101212393.pdf
